path,size_bytes,sha256
LICENSE,652,9fa8b0be9775e36a1df7a30bb8632a7867ffc9589b2ad3c4608a9f6b419a6511
README.md,1698,01ffb1aefa31cc2e8c6101602ca5c1f15a0c9b479d5701af7f1769beb83c518c
corpus/Agentic_RAG_Reference_Corpus.pdf,123667,49a2a6004aeddd929e7f12b5059065bc27e46a549bc7a89aa0367b452e5b4187
docs/EXPERIMENTAL_STATUS_AND_DISCREPANCY.md,1342,e9085b312a8dc5734d5e712d4ecf8dd2e1d09afb1a1571412d9f7f0def527115
docs/ZIP_COMPLETION_CHECKLIST.md,2028,c66a214d52ee36f7f211e381db6b02c553a1e94629b6a94c1eda085027d2bd55
evaluation/experimental_configuration.csv,418,55fb27f7e8788fe5bd3173166ea31fe734c754ed3c56e199e9b1d5708ea56dc8
evaluation/manual_evaluation_reconstructed_from_verified_corpus.csv,963,4c1a5654944c524b1443d4b3489b98a127162de411de1dfd4a1f24e39ffd7fe0
evaluation/results_from_reference_corpus_RECONSTRUCTED.csv,339,a96adcc0ae17a3ad6939876d670c7b039238bd336b272b67e51c8c5dbdb0ae5b
evidence/1789640442933.jpeg,97291,c3648ebd866996c99ea758ae692d8388dcd02fdf606eb52db9d8a671c231157e
evidence/1789640560951.jpeg,89300,d022922f2d33a28ae74d08bc3b805b8604114029a345d0caae89c6fe47fade7d
evidence/Screenshot_20260925_015321_Google.jpg,224340,fcb5218e3b48c98a982334df84d49a7d1b7485de7b4677ee94e2005fdccce7f7
evidence/Screenshot_20260925_015327_Google.jpg,214031,35dae3e69fb183f072a8004e347200bfd192988216cc43febc0c74e94729464b
evidence/Screenshot_20260925_015332_Google.jpg,207363,0c64ed9352459e0a726b72d7e208ec36f6eab087562b3b1d0d13334d4e3a60d3
evidence/Screenshot_20260925_015339_Google.jpg,225076,6194a53ddbfaca806297643a7e6df1d05ddbde16172984e3a4c02d719ff44f99
evidence/Screenshot_20260925_015343_Google.jpg,216169,9f8a1acee9a0c74632f206b2ffa9fa85c775555fb3f027df5d1d527d555dc7d2
evidence/Screenshot_20260925_015348_Google.jpg,217991,ff4c42354c948b7f35e52c16d9757ff0e7c60cf0fd34bf06e33a098bdee5bf12
evidence/Screenshot_20260925_015354_Google.jpg,200623,1607927f5698081a1d1a92dcb5563257635b23f07cbf8e89012017a639326322
evidence/Screenshot_20260925_015400_Google.jpg,195820,2bffa3effebdf6737463bde2ad7f33a5fd7980d1841d6502d4ba9ca5374966e0
evidence/Screenshot_20260925_015405_Google.jpg,221003,62e9b30e2e42548f7dc80008b604ad551f820264a10e1adbb535ca33313d97f9
metadata/CITATION.cff,457,76fc043888a6918b33d6724e07803cb5c337742adc652a8eadf297877c7b3223
notebook/Agentic_RAG_Research_Project.ipynb,858845,000d1cd245d1f7e718bbf2e10e0475c7e962b9d69202d55e0369bd3726f9cd84
notebook/Agentic_RAG_Research_Project_original_library_snapshot.json,858845,000d1cd245d1f7e718bbf2e10e0475c7e962b9d69202d55e0369bd3726f9cd84
paper/Agentic_RAG_Research_Paper.pdf,3712,21d8f4194201b753cc8aca59d1dd91af4b2161302d54da1549cfa54ac0420f20
paper/Agentic_RAG_Research_Paper_Draft_Original.docx,37999,d77a3057dece05510ad793e8e62bd337d0578478442f6c43fb5e625356b647e7
paper/Agentic_RAG_Research_Paper_Editable.docx,38163,beddb87d1a93ec467d4e273f46cf4835f0ef11d887e122b8f5bfcfbb8d520469
requirements.txt,125,a08fb121507eb96ad23bf5343943fe1daacadf763d9c7bf07cee9651b391bed1
